,tool,shap_gb,eli5_gb,dalex_gb,ci_gb,skater_gb,lofo_gb,info_gain_gb,exirt_gb
0,shap_gb,1.0,0.23300229182582122,0.15385790679908326,0.2045836516424752,0.45210084033613446,-0.13491214667685256,0.17860962566844918,-0.014820473644003056
1,eli5_gb,0.23300229182582122,1.0,0.31122994652406416,0.093353705118411,0.2320855614973262,0.08999236058059586,0.0022918258212375857,-0.015737203972498087
2,dalex_gb,0.15385790679908326,0.31122994652406416,1.0,-0.009931245225362872,0.25744843391902217,0.333231474407945,-0.20183346065699004,-0.01665393430099312
3,ci_gb,0.2045836516424752,0.093353705118411,-0.009931245225362872,1.0,0.2553093964858671,0.12116119174942705,0.20488922841864018,0.4068754774637128
4,skater_gb,0.45210084033613446,0.2320855614973262,0.25744843391902217,0.2553093964858671,1.0,0.06951871657754011,0.27944996180290294,0.06737967914438502
5,lofo_gb,-0.13491214667685256,0.08999236058059586,0.333231474407945,0.12116119174942705,0.06951871657754011,1.0,-0.006569900687547746,-0.06829640947288004
6,info_gain_gb,0.17860962566844918,0.0022918258212375857,-0.20183346065699004,0.20488922841864018,0.27944996180290294,-0.006569900687547746,1.0,-0.08968678380443086
7,exirt_gb,-0.014820473644003056,-0.015737203972498087,-0.01665393430099312,0.4068754774637128,0.06737967914438502,-0.06829640947288004,-0.08968678380443086,1.0
