,tool,shap_dt,eli5_dt,dalex_dt,ci_dt,skater_dt,lofo_dt,info_gain_dt,exirt_dt
0,shap_dt,1.0,0.4872180451127819,-0.193984962406015,0.5082706766917292,0.6676691729323309,0.2706766917293233,-0.2601503759398496,-0.3383458646616541
1,eli5_dt,0.4872180451127819,1.0,0.12781954887218044,0.6390977443609022,0.6180451127819548,0.11729323308270674,0.09473684210526315,-0.2781954887218045
2,dalex_dt,-0.193984962406015,0.12781954887218044,1.0,-0.022556390977443608,-0.21052631578947367,0.17744360902255638,0.17593984962406017,0.3142857142857143
3,ci_dt,0.5082706766917292,0.6390977443609022,-0.022556390977443608,1.0,0.7699248120300751,0.11278195488721804,0.21353383458646616,-0.312781954887218
4,skater_dt,0.6676691729323309,0.6180451127819548,-0.21052631578947367,0.7699248120300751,1.0,0.0631578947368421,-0.12932330827067667,-0.44060150375939844
5,lofo_dt,0.2706766917293233,0.11729323308270674,0.17744360902255638,0.11278195488721804,0.0631578947368421,1.0,-0.43909774436090226,0.26616541353383455
6,info_gain_dt,-0.2601503759398496,0.09473684210526315,0.17593984962406017,0.21353383458646616,-0.12932330827067667,-0.43909774436090226,1.0,0.1518796992481203
7,exirt_dt,-0.3383458646616541,-0.2781954887218045,0.3142857142857143,-0.312781954887218,-0.44060150375939844,0.26616541353383455,0.1518796992481203,1.0
