,tool,shap_dt,eli5_dt,dalex_dt,ci_dt,skater_dt,lofo_dt,info_gain_dt,exirt_dt
0,shap_dt,1.0,1.0,0.8163483575248279,0.9676088617265086,0.9972498090145148,0.02796027501909855,0.35431627196333076,0.626890756302521
1,eli5_dt,1.0,1.0,0.8163483575248279,0.9676088617265086,0.9972498090145148,0.02796027501909855,0.35431627196333076,0.626890756302521
2,dalex_dt,0.8163483575248279,0.8163483575248279,1.0,0.8490450725744844,0.813598166539343,0.08938120702826584,0.07899159663865546,0.6461420932009166
3,ci_dt,0.9676088617265086,0.9676088617265086,0.8490450725744844,1.0,0.9639419404125286,-0.012681436210847974,0.28922841864018334,0.6091673032849503
4,skater_dt,0.9972498090145148,0.9972498090145148,0.813598166539343,0.9639419404125286,1.0,0.04996180290297937,0.3579831932773109,0.6232238349885408
5,lofo_dt,0.02796027501909855,0.02796027501909855,0.08938120702826584,-0.012681436210847974,0.04996180290297937,1.0,-0.23177998472116115,0.00748663101604278
6,info_gain_dt,0.35431627196333076,0.35431627196333076,0.07899159663865546,0.28922841864018334,0.3579831932773109,-0.23177998472116115,1.0,0.26294881588999236
7,exirt_dt,0.626890756302521,0.626890756302521,0.6461420932009166,0.6091673032849503,0.6232238349885408,0.00748663101604278,0.26294881588999236,1.0
