,tool,shap_gb,eli5_gb,dalex_gb,ci_gb,skater_gb,lofo_gb,info_gain_gb,exirt_gb
0,shap_gb,1.0,0.40451127819548865,0.38195488721804516,0.09323308270676692,0.6661654135338345,0.28120300751879695,0.11879699248120301,0.5593984962406015
1,eli5_gb,0.40451127819548865,1.0,-0.06466165413533834,0.4120300751879699,0.3714285714285714,0.09022556390977443,0.13834586466165413,0.5578947368421052
2,dalex_gb,0.38195488721804516,-0.06466165413533834,1.0,-0.10977443609022557,0.20751879699248119,0.5864661654135337,-0.27368421052631575,0.5699248120300752
3,ci_gb,0.09323308270676692,0.4120300751879699,-0.10977443609022557,1.0,0.1413533834586466,-0.26315789473684204,0.3669172932330827,0.21052631578947367
4,skater_gb,0.6661654135338345,0.3714285714285714,0.20751879699248119,0.1413533834586466,1.0,0.2706766917293233,0.3142857142857143,0.4796992481203006
5,lofo_gb,0.28120300751879695,0.09022556390977443,0.5864661654135337,-0.26315789473684204,0.2706766917293233,1.0,-0.1789473684210526,0.45112781954887216
6,info_gain_gb,0.11879699248120301,0.13834586466165413,-0.27368421052631575,0.3669172932330827,0.3142857142857143,-0.1789473684210526,1.0,0.08872180451127819
7,exirt_gb,0.5593984962406015,0.5578947368421052,0.5699248120300752,0.21052631578947367,0.4796992481203006,0.45112781954887216,0.08872180451127819,1.0
