,tool,shap_rf,eli5_rf,dalex_rf,ci_rf,skater_rf,lofo_rf,info_gain_rf,exirt_rf
0,shap_rf,1.0,0.5150496562261269,-0.058823529411764705,0.3320091673032849,0.30878533231474403,0.12238349885408707,0.18135981665393427,0.440183346065699
1,eli5_rf,0.5150496562261269,1.0,-0.29106187929717336,0.31092436974789917,0.3833460656990068,0.05332314744079449,0.36837280366692127,0.469213139801375
2,dalex_rf,-0.058823529411764705,-0.29106187929717336,1.0,0.1608861726508785,0.26142093200916733,0.11963330786860198,-0.015737203972498087,0.16730328495034374
3,ci_rf,0.3320091673032849,0.31092436974789917,0.1608861726508785,1.0,0.23422459893048125,-0.019098548510313215,0.09243697478991594,0.3970970206264324
4,skater_rf,0.30878533231474403,0.3833460656990068,0.26142093200916733,0.23422459893048125,1.0,0.009931245225362872,-0.14163483575248279,0.2595874713521772
5,lofo_rf,0.12238349885408707,0.05332314744079449,0.11963330786860198,-0.019098548510313215,0.009931245225362872,1.0,0.13552330022918258,0.013598166539343011
6,info_gain_rf,0.18135981665393427,0.36837280366692127,-0.015737203972498087,0.09243697478991594,-0.14163483575248279,0.13552330022918258,1.0,0.10374331550802139
7,exirt_rf,0.440183346065699,0.469213139801375,0.16730328495034374,0.3970970206264324,0.2595874713521772,0.013598166539343011,0.10374331550802139,1.0
