,tool,shap_gb,eli5_gb,dalex_gb,ci_gb,skater_gb,lofo_gb,info_gain_gb,exirt_gb
0,shap_gb,1.0,0.5932857418483505,-0.07897613994469099,0.3082834908997364,0.3727570904881343,-0.09048813428516304,-0.04788089266190752,0.056338028169014086
1,eli5_gb,0.5932857418483505,1.0,-0.2045147597916265,0.5421892083092161,0.42893433661328706,-0.03710849572319764,-0.06900765322528782,0.11013570004501899
2,dalex_gb,-0.07897613994469099,-0.2045147597916265,1.0,-0.07087272493407937,-0.023731429673934015,0.10952472827834589,0.07196604283233649,-0.0181683709563316
3,ci_gb,0.3082834908997364,0.5421892083092161,-0.07087272493407937,1.0,0.3788024953373208,0.050421248954916724,-0.21248954916714902,0.2695028619203808
4,skater_gb,0.3727570904881343,0.42893433661328706,-0.023731429673934015,0.3788024953373208,1.0,-0.055791369219885534,-0.11418740755032479,-0.10367226188179306
5,lofo_gb,-0.09048813428516304,-0.03710849572319764,0.10952472827834589,0.050421248954916724,-0.055791369219885534,1.0,-0.2782494051064378,0.15271078525950224
6,info_gain_gb,-0.04788089266190752,-0.06900765322528782,0.07196604283233649,-0.21248954916714902,-0.11418740755032479,-0.2782494051064378,1.0,-0.05058203099877806
7,exirt_gb,0.056338028169014086,0.11013570004501899,-0.0181683709563316,0.2695028619203808,-0.10367226188179306,0.15271078525950224,-0.05058203099877806,1.0
