,tool,shap_rf,eli5_rf,dalex_rf,ci_rf,skater_rf,lofo_rf,info_gain_rf,exirt_rf
0,shap_rf,1.0,0.10470126696250565,0.03112740369155573,-0.195703903788025,0.14492893433661333,-0.11389799987137439,0.03273522413016915,0.19165219628271918
1,eli5_rf,0.10470126696250565,1.0,-0.07579265547623643,-0.19544665251784682,0.30149848864878775,-0.0668853302463181,0.1364074860119622,0.26721975689754973
2,dalex_rf,0.03112740369155573,-0.07579265547623643,1.0,-0.09685510322207218,-0.2258344588076404,-0.05932857418483505,-0.2823975818380604,0.015370763393144256
3,ci_rf,-0.195703903788025,-0.19544665251784682,-0.09685510322207218,1.0,0.14164898064184195,0.040291980191652206,-0.001607820438613416,-0.16811370506141876
4,skater_rf,0.14492893433661333,0.30149848864878775,-0.2258344588076404,0.14164898064184195,1.0,-0.10560164640812916,-0.023667116856389482,0.044922503054858835
5,lofo_rf,-0.11389799987137439,-0.0668853302463181,-0.05932857418483505,0.040291980191652206,-0.10560164640812916,1.0,0.11261174352048366,-0.06666023538491223
6,info_gain_rf,0.03273522413016915,0.1364074860119622,-0.2823975818380604,-0.001607820438613416,-0.023667116856389482,0.11261174352048366,1.0,-0.07161232233584154
7,exirt_rf,0.19165219628271918,0.26721975689754973,0.015370763393144256,-0.16811370506141876,0.044922503054858835,-0.06666023538491223,-0.07161232233584154,1.0
