,tool,shap_dt,eli5_dt,dalex_dt,ci_dt,skater_dt,lofo_dt,info_gain_dt,exirt_dt
0,shap_dt,1.0,0.937327159302849,0.2550967907904046,0.833526271785967,0.9173580294552706,0.8230432825262077,0.09730529294488394,0.4004116020322851
1,eli5_dt,0.937327159302849,1.0,0.2573477394044633,0.82789890025082,0.8960383304392567,0.8270628336227412,0.07830085536047336,0.4082899221814908
2,dalex_dt,0.2550967907904046,0.2573477394044633,1.0,0.494115377194675,0.25541835487812725,0.51077239693871,0.33172551289471996,0.22030355649881025
3,ci_dt,0.833526271785967,0.82789890025082,0.494115377194675,1.0,0.8332690205157889,0.9836002315261433,0.22612386648659083,0.37741976976011327
4,skater_dt,0.9173580294552706,0.8960383304392567,0.25541835487812725,0.8332690205157889,1.0,0.8227860312560294,0.09733744935365621,0.4004116020322851
5,lofo_dt,0.8230432825262077,0.8270628336227412,0.51077239693871,0.9836002315261433,0.8227860312560294,1.0,0.24712200141488203,0.3835938002443888
6,info_gain_dt,0.09730529294488394,0.07830085536047336,0.33172551289471996,0.22612386648659083,0.09733744935365621,0.24712200141488203,1.0,0.07881535790082965
7,exirt_dt,0.4004116020322851,0.4082899221814908,0.22030355649881025,0.37741976976011327,0.4004116020322851,0.3835938002443888,0.07881535790082965,1.0
